{"type":"Topology","objects":{"County_MOI_1060525":{"type":"GeometryCollection","bbox":[118.14367476000007,21.895599675000085,124.56114950000006,26.385278130000074],"geometries":[{"type":"MultiPolygon","properties":{"COUNTYID":"Z","COUNTYCODE":"09007","COUNTYNAME":"連江縣","COUNTYENG":"Lienchiang County"},"arcs":[[[0]]]},{"type":"MultiPolygon","properties":{"COUNTYID":"W","COUNTYCODE":"09020","COUNTYNAME":"金門縣","COUNTYENG":"Kinmen County"},"arcs":[[[1]],[[2]]]},{"type":"MultiPolygon","properties":{"COUNTYID":"G","COUNTYCODE":"10002","COUNTYNAME":"宜蘭縣","COUNTYENG":"Yilan County"},"arcs":[[[3,4,5,6,7,8]]]},{"type":"Polygon","properties":{"COUNTYID":"N","COUNTYCODE":"10007","COUNTYNAME":"彰化縣","COUNTYENG":"Changhua County"},"arcs":[[9,10,11,12]]},{"type":"Polygon","properties":{"COUNTYID":"M","COUNTYCODE":"10008","COUNTYNAME":"南投縣","COUNTYENG":"Nantou County"},"arcs":[[13,14,15,16,-11,17]]},{"type":"MultiPolygon","properties":{"COUNTYID":"P","COUNTYCODE":"10009","COUNTYNAME":"雲林縣","COUNTYENG":"Yunlin County"},"arcs":[[[18]],[[-17,19,20,-12]]]},{"type":"MultiPolygon","properties":{"COUNTYID":"T","COUNTYCODE":"10013","COUNTYNAME":"屏東縣","COUNTYENG":"Pingtung County"},"arcs":[[[21,22,23]]]},{"type":"MultiPolygon","properties":{"COUNTYID":"V","COUNTYCODE":"10014","COUNTYNAME":"臺東縣","COUNTYENG":"Taitung County"},"arcs":[[[24]],[[25]],[[26,-22,27,28]]]},{"type":"Polygon","properties":{"COUNTYID":"U","COUNTYCODE":"10015","COUNTYNAME":"花蓮縣","COUNTYENG":"Hualien County"},"arcs":[[29,-29,30,-14,31,-5]]},{"type":"MultiPolygon","properties":{"COUNTYID":"X","COUNTYCODE":"10016","COUNTYNAME":"澎湖縣","COUNTYENG":"Penghu County"},"arcs":[[[32]],[[33]]]},{"type":"MultiPolygon","properties":{"COUNTYID":"C","COUNTYCODE":"10017","COUNTYNAME":"基隆市","COUNTYENG":"Keelung City"},"arcs":[[[34,35]]]},{"type":"Polygon","properties":{"COUNTYID":"O","COUNTYCODE":"10018","COUNTYNAME":"新竹市","COUNTYENG":"Hsinchu City"},"arcs":[[36,37,38]]},{"type":"Polygon","properties":{"COUNTYID":"A","COUNTYCODE":"63000","COUNTYNAME":"臺北市","COUNTYENG":"Taipei City"},"arcs":[[39]]},{"type":"Polygon","properties":{"COUNTYID":"F","COUNTYCODE":"65000","COUNTYNAME":"新北市","COUNTYENG":"New Taipei City"},"arcs":[[-35,40,-9,41,42],[-40]]},{"type":"Polygon","properties":{"COUNTYID":"B","COUNTYCODE":"66000","COUNTYNAME":"臺中市","COUNTYENG":"Taichung City"},"arcs":[[-32,-18,-10,43,44,45,-6]]},{"type":"Polygon","properties":{"COUNTYID":"D","COUNTYCODE":"67000","COUNTYNAME":"臺南市","COUNTYENG":"Tainan City"},"arcs":[[46,47,48]]},{"type":"Polygon","properties":{"COUNTYID":"H","COUNTYCODE":"68000","COUNTYNAME":"桃園市","COUNTYENG":"Taoyuan City"},"arcs":[[-42,-8,49,50]]},{"type":"Polygon","properties":{"COUNTYID":"K","COUNTYCODE":"10005","COUNTYNAME":"苗栗縣","COUNTYENG":"Miaoli County"},"arcs":[[-45,51,-37,52]]},{"type":"Polygon","properties":{"COUNTYID":"J","COUNTYCODE":"10004","COUNTYNAME":"新竹縣","COUNTYENG":"Hsinchu County"},"arcs":[[-39,53,-50,-7,-46,-53]]},{"type":"Polygon","properties":{"COUNTYID":"I","COUNTYCODE":"10020","COUNTYNAME":"嘉義市","COUNTYENG":"Chiayi City"},"arcs":[[54]]},{"type":"MultiPolygon","properties":{"COUNTYID":"Q","COUNTYCODE":"10010","COUNTYNAME":"嘉義縣","COUNTYENG":"Chiayi County"},"arcs":[[[-16,55,-49,56,-20],[-55]]]},{"type":"Polygon","properties":{"COUNTYID":"E","COUNTYCODE":"64000","COUNTYNAME":"高雄市","COUNTYENG":"Kaohsiung City"},"arcs":[[-47,-56,-15,-31,-28,-24,57]]}]}},"arcs":[[[2887,9671],[20,-43],[-66,4],[46,39]],[[164,5703],[22,-75],[-77,-29],[26,95],[29,9]],[[417,5872],[60,-47],[44,-135],[-35,-74],[-86,40],[-81,-37],[-44,-73],[-66,61],[38,51],[-25,86],[42,46],[78,-53],[75,135]],[[5956,6876],[-64,-33],[-116,-175],[-49,-194],[6,-141],[55,-273],[43,-38],[-26,-54],[7,-92],[-49,-29],[14,-83],[-79,-114],[-42,-261]],[[5656,5389],[-153,49],[-69,74],[-38,-133],[-128,71],[-47,-5],[-66,54]],[[5155,5499],[-24,41],[-98,-34],[-72,68],[-16,96]],[[4945,5670],[38,88],[93,106],[2,141]],[[5078,6005],[39,31],[49,150],[32,1]],[[5198,6187],[89,33],[89,91],[-1,129],[50,48],[99,17],[68,88],[44,2],[33,72],[112,80],[-13,77],[188,52]],[[3604,5148],[74,-36],[44,-144],[125,-53],[20,-162],[83,-35]],[[3950,4718],[-63,-15],[13,-98],[-42,-269],[93,-91],[-61,-35]],[[3890,4210],[-138,34],[-67,-2],[-121,67],[-194,-22],[-80,30],[-54,72]],[[3236,4389],[58,72],[37,120],[84,141],[6,97],[67,84],[66,192],[50,53]],[[4985,5185],[10,-54],[-99,-49],[-7,-93],[73,-47],[-8,-66],[-63,-70],[-36,-141],[22,-33],[-8,-205],[-46,-96],[-13,-112],[-40,-40],[43,-47],[5,-199],[-35,-137],[-94,-30],[-3,-134],[-25,-26],[-104,8],[-46,-98],[21,-52],[-58,-35]],[[4474,3429],[-12,62],[-78,14]],[[4384,3505],[-184,4],[-48,164],[26,93],[-19,32],[-128,22]],[[4031,3820],[-152,19],[23,136],[-13,109],[25,11],[-24,115]],[[3950,4718],[104,-34],[39,23],[59,127],[33,12],[10,101],[28,17],[57,-62],[91,65],[67,-11],[31,72],[63,3],[90,97],[41,-4],[49,64],[21,-29],[114,69],[138,-43]],[[3019,3627],[-35,-101],[-97,-29],[132,130]],[[4031,3820],[8,-90],[-99,15],[-37,34],[-59,-22],[-113,26],[-52,91],[-159,-18],[-57,-43],[-146,-170],[-48,16],[-30,-76],[-119,37]],[[3120,3620],[-13,256],[-19,22],[68,252],[-19,57],[79,117],[20,65]],[[4239,2110],[-4,-38],[65,-58],[-32,-185],[-134,-62],[-56,-132],[-34,-174],[38,-116],[-19,-92],[60,-90],[-54,-31],[-18,-82],[65,-48],[18,-62],[-30,-44],[139,-152],[46,37]],[[4289,781],[-9,-113],[14,-198],[-15,-178],[-67,-88],[-9,-68],[38,-129],[-67,79],[-108,47],[-21,-80],[-46,33],[8,86],[-45,130],[47,138],[-48,252],[-56,103],[-21,134],[-79,126],[-202,160],[-49,61]],[[3554,1276],[-3,113],[31,93],[-10,230],[31,123],[-4,106],[24,142],[131,-6],[83,101],[59,26],[51,-62],[40,49],[81,-32],[33,-64],[76,67],[62,-52]],[[5237,421],[102,-5],[-4,-96],[54,-42],[-47,-37],[-96,97],[-9,83]],[[5216,1741],[31,-17],[-27,-79],[-46,83],[42,13]],[[5221,3421],[-27,-83],[-23,-182],[-49,-62],[-52,-173],[23,-186],[-89,-98],[-28,-133],[-85,-160],[-78,-187],[-64,-31],[14,-123],[-38,-81],[-77,-90],[-157,-137],[-28,-156],[-43,-55],[-52,-231],[-82,-277],[3,-195]],[[4239,2110],[-37,86],[-31,177],[95,180],[-19,41],[31,89],[-20,114],[53,65],[8,128],[89,98],[87,33]],[[4495,3121],[48,-23],[33,-118],[76,-24],[16,-48],[80,3],[33,-130],[59,-29],[35,-75],[67,27],[97,426],[70,132],[-35,53],[71,133],[76,-27]],[[5656,5389],[-47,-123],[-109,-117],[-24,-82],[9,-81],[-69,-95],[2,-99],[42,-83],[-56,-172],[-21,-169],[-41,-131],[1,-90],[-65,-292],[-2,-71],[-41,-173],[16,-66],[-30,-124]],[[4495,3121],[32,59],[-96,104],[61,79],[-18,66]],[[4985,5185],[66,71],[-8,52],[85,95],[27,96]],[[2104,3344],[31,-98],[-43,6],[12,92]],[[2245,3966],[30,-16],[15,-150],[57,17],[69,-122],[-75,13],[-113,-118],[-28,45],[55,7],[-46,121],[71,1],[-40,169],[-98,-72],[-3,-144],[-37,12],[33,191],[42,-33],[68,79]],[[5702,7217],[-9,-49],[-65,-12],[25,-102],[-64,-22],[-128,108],[-33,86],[128,81]],[[5556,7307],[83,-28],[63,-62]],[[4350,6274],[-45,63],[-50,-6]],[[4255,6331],[30,53],[12,134],[37,72]],[[4334,6590],[117,-72],[33,-47],[10,-96],[-55,50],[-76,-81],[-13,-70]],[[5340,7353],[20,-5],[37,-147],[-17,-41],[49,-49],[-5,-113],[61,-33],[-104,-18],[8,-120],[-66,10],[-10,45],[-109,108],[35,41],[-10,78],[-66,43],[70,148],[28,-9],[66,90],[13,-28]],[[5702,7217],[151,-35],[37,22],[-15,-90],[47,-150],[82,-7],[13,-40],[-61,-41]],[[5198,6187],[-46,71],[-42,125],[41,54],[-74,128],[-102,11],[28,56],[-53,59],[10,175],[66,-4],[53,50],[-9,116],[-178,148]],[[4892,7176],[165,67],[99,234],[128,86],[67,17],[81,-72],[6,-61],[118,-140]],[[3604,5148],[38,58],[66,184],[35,43],[118,234]],[[3861,5667],[109,-160],[103,-88],[74,-28],[43,-57],[110,3],[51,113],[107,-25],[69,-79],[9,32],[104,45],[30,65],[42,2],[61,83],[39,-31],[42,120]],[[4854,5662],[91,8]],[[3910,2960],[-26,-110],[-55,-71],[-41,-117],[-149,-195],[-30,0],[-67,-193],[-55,9],[-48,-70],[-114,34],[-37,-23],[-93,59],[-30,-20]],[[3165,2263],[-25,141],[-76,98],[-130,109],[83,312],[25,203],[34,91]],[[3076,3217],[111,-111],[49,12],[112,178],[87,57],[145,27],[90,-58],[8,-91],[51,-29],[-22,-46],[-6,-164],[92,-54],[117,22]],[[5078,6005],[-61,24],[-16,145],[-84,61],[13,134],[-246,198],[10,80],[-67,5],[-87,52],[1,69],[-119,7]],[[4422,6780],[107,229],[116,76],[209,102],[38,-11]],[[3861,5667],[68,97],[70,241],[103,154],[73,26],[80,146]],[[4350,6274],[60,-2],[-12,-59],[74,-99],[76,-42],[32,-72],[-31,-71],[27,-37],[-14,-94],[80,24],[72,-16],[72,29],[73,-133],[-5,-40]],[[4334,6590],[88,190]],[[3590,3614],[83,-63],[-9,-83],[-41,20],[-44,-49],[-18,47],[-55,4],[-4,84],[88,40]],[[4384,3505],[-75,-26],[-93,-86],[-38,-106],[-176,-141],[-29,-53],[-80,17],[17,-150]],[[3076,3217],[21,100],[46,9],[-43,139],[38,97],[-50,-15],[-10,64],[42,9]],[[3554,1276],[-45,19],[-115,113],[-103,200],[13,125],[-12,100],[-68,198],[-59,232]]],"transform":{"scale":[0.0006418116551655153,0.0004490127467746764],"translate":[118.14367476000007,21.895599675000085]}}